iter	RMSE
0	15.05957225
1	14.96322901
2	14.8607808
3	14.76054537
4	14.66373468
5	14.57949454
6	14.48834483
7	14.40538273
8	14.31681374
9	14.21861324
10	14.1208437
11	14.04113233
12	13.95231942
13	13.85804042
14	13.77117858
15	13.69010942
16	13.60341735
17	13.52175804
18	13.43358412
19	13.34709284
20	13.26910233
21	13.18859377
22	13.10148243
23	13.01993597
24	12.9396427
25	12.86609392
26	12.78939149
27	12.71655692
28	12.63853165
29	12.56628801
